{
  "version": 1,
  "author": "Tamanna Tadwal",
  "editor": "wokwi",
  "parts": [
    { "type": "wokwi-esp32-devkit-v1", "id": "esp", "top": 0, "left": 0, "attrs": {} },
    { "type": "wokwi-ssd1306", "id": "oled1", "top": -61.87, "left": -182.8, "attrs": {} },
    {
      "type": "wokwi-pushbutton",
      "id": "S1",
      "top": 236.06,
      "left": -190.29,
      "attrs": { "color": "green" }
    },
    {
      "type": "wokwi-pushbutton",
      "id": "S2",
      "top": 236.48,
      "left": -101.94,
      "attrs": { "color": "yellow" }
    },
    {
      "type": "wokwi-pushbutton",
      "id": "S3",
      "top": 235.01,
      "left": -13.64,
      "attrs": { "color": "red" }
    },
    {
      "type": "wokwi-pushbutton",
      "id": "S4",
      "top": 234.22,
      "left": 67.61,
      "attrs": { "color": "orange" }
    },
    {
      "type": "wokwi-pushbutton",
      "id": "S5",
      "top": 227.91,
      "left": 166.21,
      "attrs": { "color": "black" }
    }
  ],
  "connections": [
    [ "esp:TX0", "$serialMonitor:RX", "", [] ],
    [ "esp:RX0", "$serialMonitor:TX", "", [] ],
    [ "oled1:DATA", "esp:D21", "green", [ "v-27.18", "h274.69", "v143.47" ] ],
    [ "oled1:CLK", "esp:D22", "green", [ "v-18.44", "h257.68", "v102.97" ] ],
    [ "oled1:GND", "esp:GND.2", "black", [ "v-12.04", "h59.2", "v118.77" ] ],
    [ "oled1:VIN", "esp:VIN", "red", [ "v-16.76", "h81.86", "v224.88" ] ],
    [ "btn5:2.l", "esp:GND.2", "black", [ "h-7.17", "v49.14", "h-368.39", "v-161.71" ] ],
    [ "btn3:2.l", "esp:GND.2", "black", [ "h-19.8", "v38.09", "h-171.97", "v-154.62" ] ],
    [ "btn4:2.l", "esp:GND.2", "black", [ "h-20.59", "v45.98", "h-256.38", "v-172.76" ] ],
    [ "btn2:2.l", "esp:GND.2", "black", [ "h-26.17", "v31.1", "h-74.15", "v-149.88" ] ],
    [ "btn1:2.l", "esp:GND.2", "black", [ "h-1.71", "v22.84", "h-5.52", "v-141.99" ] ],
    [
      "btn1:1.r",
      "esp:D13",
      "green",
      [ "v-25.89", "h335.24", "v-320.27", "h-415.73", "v209.05" ]
    ],
    [
      "btn2:1.r",
      "esp:D33",
      "yellow",
      [ "v-23.15", "h248.46", "v-321.06", "h-413.36", "v185.38" ]
    ],
    [ "btn3:1.r", "esp:D14", "red", [ "v-19.31", "h163.32", "v-314.75", "h-412.57", "v191.69" ] ],
    [
      "btn4:1.r",
      "esp:D27",
      "orange",
      [ "v-21.68", "h86.01", "v-305.29", "h-409.41", "v156.19" ]
    ],
    [ "btn5:1.r", "esp:D26", "black", [ "v-311.19", "h-417.27", "v140.42" ] ],
    [ "esp:VIN", "S1:1.r", "red", [ "h0" ] ],
    [ "esp:VIN", "S2:1.r", "red", [ "h0" ] ],
    [ "esp:VIN", "S3:1.r", "red", [ "h0" ] ],
    [ "esp:VIN", "S4:1.r", "red", [ "h0" ] ],
    [ "esp:D13", "S1:2.l", "green", [ "h0" ] ],
    [ "esp:D33", "S2:2.l", "green", [ "h0" ] ],
    [ "esp:D14", "S3:2.l", "green", [ "h0" ] ],
    [ "esp:D27", "S4:2.l", "green", [ "h0" ] ],
    [ "esp:VIN", "S5:1.r", "red", [ "h0" ] ],
    [ "esp:D26", "S5:2.l", "green", [ "h0" ] ]
  ]
}